credit_score_band,customers,avg_debt,avg_income,total_spend
"Good (700-749)",392,0.000000,0.000000,5934774.20
"Excellent (750+)",309,0.000000,0.000000,4655367.00
"Fair (650-699)",254,0.000000,0.000000,3912520.71
"Poor (600-649)",98,0.000000,0.000000,1469752.05
"Very Poor (<600)",59,0.000000,0.000000,940826.15
